Bertram Pearcy  ,bueno,SO
Steven Ulman  ,regular,ZA
Enid Follansbee  ,malo,GS
Candie Jacko  ,malo,SS
Alana Zufelt  ,regular,ES
Craig Pinkett  ,malo,LK
Carson Levey  ,bueno,GU
Reanna Calabrese  ,regular,GT
Elliott Kosak  ,malo,GG
Yuette Steinman  ,bueno,GN
Grisel Wines  ,regular,GW
Kathryne Dieguez  ,regular,AE
Donna Raabe  ,malo,GB
Norine Mundt  ,bueno,US
Brittaney Amaro  ,bueno,ES
Penni Husted  ,bueno,ES
Delmer Semon  ,malo,IT
Lennie Dunkerson  ,bueno,CA
Mayra Bobb  ,regular,IT
Altagracia Merced  ,regular,CA
Verda Belgrave  ,malo,GB
Jonnie Urban  ,malo,US
Chung Frankum  ,malo,ES
Vincenzo Samples  ,regular,TT
Dominick Barkan  ,bueno,GU
Carisa Ellingwood  ,bueno,TR
Garret Wess  ,regular,TM
Zoraida Muise  ,bueno,GU
Samantha Cusson  ,bueno,PT
Jenine Greenburg  ,regular,PR
Geri Paddock  ,bueno,QA
Antonia Klosterman  ,regular,RE
Moriah Galey  ,malo,RO
Nyla Eckard  ,malo,GB
Arlean Harries  ,malo,US
Kenyatta Lippold  ,malo,ES
Samuel Knipe  ,malo,MV
Jamison Starner  ,malo,ML
Joel Blye  ,regular,MT
Adela Jaimes  ,regular,GB
Isis Sorrells  ,regular,US
Chester Abdul  ,regular,ES
Manda Wingate  ,regular,SI
Anna Rappold  ,regular,SB
Albina Lamore  ,malo,SO
Carolyn Machado  ,bueno,ZA
Jeni Espinoza  ,bueno,GS
Charisse Salzman  ,bueno,SS
Dorla Silber  ,bueno,ES
Lilli Bryson  ,malo,LK
